"","Country","Year","co2.vals","obesity.both.vals","obesity.male.vals","obesity.female.vals","gdp.vals"
"1","Albania",1990,1.84084061606394,"9.8","7.9","11.7",2549.473022
"2","Albania",1991,1.25811576501704,"10.1","8.2","12.0",1909.114038
"3","Albania",1992,0.689859284104687,"10.4","8.5","12.2",1823.307673
"4","Albania",1993,0.641405614065312,"10.7","8.8","12.5",2057.449657
"5","Albania",1994,0.667178793940271,"11.0","9.2","12.8",2289.873135
"6","Albania",1995,0.611710203702635,"11.3","9.6","13.1",2665.764906
"7","Albania",1996,0.621836956875134,"11.7","10.0","13.4",2980.066288
"8","Albania",1997,0.470097808931287,"12.0","10.4","13.7",2717.362124
"9","Albania",1998,0.575350084544499,"12.4","10.8","14.0",3021.014738
"10","Albania",1999,0.955359308384195,"12.8","11.2","14.3",3471.652592
"11","Albania",2000,1.026213108529,"13.2","11.7","14.7",3861.334172
"12","Albania",2001,1.0522280929869,"13.6","12.1","15.0",4301.352799
"13","Albania",2002,1.22910118288698,"14.0","12.6","15.4",4661.371553
"14","Albania",2003,1.35214448140818,"14.5","13.2","15.8",4994.518807
"15","Albania",2004,1.41727335767255,"14.9","13.7","16.2",5422.778462
"16","Albania",2005,1.35149180454706,"15.4","14.3","16.6",5865.306196
"17","Albania",2006,1.35336220283257,"16.0","14.9","17.1",6559.783257
"18","Albania",2007,1.42086728796502,"16.5","15.5","17.5",7276.302969
"19","Albania",2008,1.41484755272088,"17.0","16.1","18.0",8228.374239
"20","Albania",2009,1.47565225025013,"17.6","16.8","18.4",8814.810856
"21","Albania",2010,1.57225093811545,"18.2","17.4","18.9",9628.025783
"22","Albania",2011,1.73482330790188,"18.8","18.1","19.4",10207.75235
"23","Albania",2012,1.57909199452076,"19.3","18.8","19.9",10526.23545
"24","Albania",2013,1.65452427763954,"19.9","19.5","20.4",10571.01065
"25","Albania",2014,1.80678854066866,"20.5","20.2","20.8",11259.22589
"26","Albania",2015,1.75998705871449,"21.1","20.9","21.3",11662.03048
"27","Algeria",1990,2.63559677613212,"12.4","6.3","18.1",6683.94251
"28","Algeria",1991,2.53556111202271,"12.8","6.7","18.7",6661.139592
"29","Algeria",1992,2.44780199146599,"13.3","7.0","19.3",6774.465962
"30","Algeria",1993,2.65853539125032,"13.8","7.4","19.9",6640.166811
"31","Algeria",1994,2.53599509204315,"14.3","7.8","20.5",6583.172604
"32","Algeria",1995,2.54018146319181,"14.8","8.2","21.1",6844.639633
"33","Algeria",1996,2.43999820271803,"15.3","8.6","21.7",7129.638422
"34","Algeria",1997,2.44864502480922,"15.8","9.0","22.4",7214.872707
"35","Algeria",1998,2.46880459713011,"16.3","9.4","23.0",7553.946588
"36","Algeria",1999,2.53205015797394,"16.8","9.9","23.6",7797.015071
"37","Algeria",2000,2.53171179217169,"17.4","10.3","24.2",8162.587573
"38","Algeria",2001,2.3773101154148,"17.9","10.8","24.9",8480.070459
"39","Algeria",2002,2.52424179354584,"18.5","11.3","25.5",8981.349267
"40","Algeria",2003,2.59854905872488,"19.1","11.8","26.2",9682.476035
"41","Algeria",2004,2.59664758084302,"19.6","12.3","26.8",10234.9309
"42","Algeria",2005,2.68448722945473,"20.2","12.9","27.5",11022.14747
"43","Algeria",2006,2.78677745883172,"20.8","13.4","28.2",11380.09442
"44","Algeria",2007,2.9420221444239,"21.4","14.0","28.8",11897.10382
"45","Algeria",2008,2.9941892170951,"22.0","14.6","29.5",12218.04739
"46","Algeria",2009,3.19155421416758,"22.7","15.2","30.2",12294.61249
"47","Algeria",2010,3.14474752533191,"23.3","15.8","30.9",12655.13741
"48","Algeria",2011,3.22245952272794,"24.0","16.5","31.5",13046.12851
"49","Algeria",2012,3.38755462612394,"24.7","17.1","32.2",13482.72112
"50","Algeria",2013,3.40612323474996,"25.3","17.8","32.9",13823.82823
"51","Algeria",2014,3.56620883406526,"26.0","18.5","33.6",14326.28301
"52","Algeria",2015,3.6742329469226,"26.7","19.2","34.2",14711.22085
"53","Armenia",1990,5.61025435790992,"11.4","8.2","14.1",2428.55896
"54","Armenia",1991,5.90257639328904,"11.7","8.5","14.4",2237.752728
"55","Armenia",1992,3.1631046641997,"12.0","8.8","14.6",1356.210786
"56","Armenia",1993,1.49861244544114,"12.3","9.0","14.9",1296.178498
"57","Armenia",1994,0.834433730125859,"12.5","9.3","15.2",1429.102386
"58","Armenia",1995,1.0909602905995,"12.8","9.5","15.4",1591.894846
"59","Armenia",1996,0.811182833982437,"13.1","9.8","15.7",1742.734114
"60","Armenia",1997,1.0660432973166,"13.3","10.1","15.9",1852.200102
"61","Armenia",1998,1.11622544665906,"13.6","10.3","16.2",2025.55542
"62","Armenia",1999,1.00679179804598,"13.9","10.6","16.5",2136.121598
"63","Armenia",2000,1.15976136281082,"14.2","10.9","16.8",2327.362521
"64","Armenia",2001,1.1800624515273,"14.4","11.2","17.1",2621.854364
"65","Armenia",2002,1.02835355322521,"14.7","11.5","17.4",3031.121882
"66","Armenia",2003,1.15973224102019,"15.0","11.8","17.7",3539.630267
"67","Armenia",2004,1.25303469339807,"15.4","12.1","18.0",4038.455075
"68","Armenia",2005,1.49601074980998,"15.7","12.5","18.4",4772.590047
"69","Armenia",2006,1.51776306738226,"16.0","12.8","18.8",5609.16897
"70","Armenia",2007,1.77316149579812,"16.4","13.2","19.1",6609.171824
"71","Armenia",2008,1.95693033637535,"16.7","13.6","19.5",7264.561195
"72","Armenia",2009,1.56158352186598,"17.1","14.0","19.9",6326.657969
"73","Armenia",2010,1.50835119142367,"17.5","14.4","20.4",6565.67866
"74","Armenia",2011,1.71734336020825,"17.9","14.8","20.8",7019.767748
"75","Armenia",2012,1.98319210023857,"18.3","15.2","21.2",7649.061531
"76","Armenia",2013,1.89812716968877,"18.8","15.7","21.7",8003.087763
"77","Armenia",2014,1.88160773079824,"19.2","16.1","22.1",8405.073655
"78","Armenia",2015,1.82529219202211,"19.7","16.6","22.6",8727.385447
"79","Australia",1990,15.4467304615853,"15.3","14.7","15.8",17329.70661
"80","Australia",1991,15.3153205276556,"15.7","15.2","16.2",17790.98014
"81","Australia",1992,15.3392397827951,"16.2","15.6","16.7",18189.37874
"82","Australia",1993,15.4163128997566,"16.6","16.1","17.1",19131.84187
"83","Australia",1994,15.6073928871465,"17.1","16.6","17.5",20064.45901
"84","Australia",1995,15.9921425409473,"17.6","17.1","18.0",20894.39721
"85","Australia",1996,16.3612036480804,"18.1","17.7","18.5",21972.05265
"86","Australia",1997,16.5669384889561,"18.6","18.2","18.9",22934.78601
"87","Australia",1998,17.5116241782908,"19.1","18.8","19.4",24196.72128
"88","Australia",1999,17.5969565676847,"19.7","19.3","19.9",25264.36436
"89","Australia",2000,17.689656972798,"20.2","19.9","20.5",26328.67368
"90","Australia",2001,17.7695358780199,"20.7","20.5","21.0",27336.68269
"91","Australia",2002,17.9574992112521,"21.3","21.1","21.5",28718.24108
"92","Australia",2003,17.6920293133086,"21.8","21.7","22.0",29693.90591
"93","Australia",2004,18.1478978904379,"22.4","22.3","22.5",31327.37749
"94","Australia",2005,18.117853570518,"22.9","22.9","23.0",32575.06925
"95","Australia",2006,18.1206789094546,"23.5","23.5","23.5",34306.65231
"96","Australia",2007,18.5028519848662,"24.0","24.0","24.0",36560.40565
"97","Australia",2008,18.2830412439057,"24.6","24.6","24.5",37459.30765
"98","Australia",2009,18.2074249597772,"25.1","25.2","24.9",40300.30823
"99","Australia",2010,17.5814449601144,"25.6","25.8","25.4",39324.36895
"100","Australia",2011,17.2681103655036,"26.2","26.4","25.9",41965.35842
"101","Australia",2012,16.9692565563587,"26.7","27.0","26.4",42826.78958
"102","Australia",2013,16.3986459950997,"27.3","27.7","26.9",45902.04795
"103","Australia",2014,15.7558761009156,"27.9","28.3","27.4",46880.22066
"104","Australia",2015,15.7864494009173,"28.4","28.9","27.9",46276.15069
"105","Bangladesh",1990,0.111658248374604,"0.7","0.3","1.1",860.21051
"106","Bangladesh",1991,0.102557667973101,"0.7","0.4","1.2",899.1421235
"107","Bangladesh",1992,0.109460956832488,"0.8","0.4","1.2",948.2721469
"108","Bangladesh",1993,0.113909623778262,"0.8","0.4","1.3",994.6737327
"109","Bangladesh",1994,0.120101810855011,"0.9","0.5","1.4",1033.086949
"110","Bangladesh",1995,0.143700700077684,"1.0","0.5","1.5",1085.349904
"111","Bangladesh",1996,0.142966514547859,"1.0","0.5","1.6",1130.860059
"112","Bangladesh",1997,0.157872086010643,"1.1","0.6","1.7",1176.895726
"113","Bangladesh",1998,0.156908687897926,"1.2","0.6","1.8",1226.020893
"114","Bangladesh",1999,0.160636276216274,"1.2","0.7","1.9",1275.738234
"115","Bangladesh",2000,0.169593941656331,"1.3","0.7","2.0",1346.743205
"116","Bangladesh",2001,0.198172463991475,"1.4","0.8","2.1",1419.137782
"117","Bangladesh",2002,0.207053126231595,"1.5","0.8","2.2",1469.845761
"118","Bangladesh",2003,0.2124019629176,"1.6","0.9","2.4",1541.185923
"119","Bangladesh",2004,0.222868792353146,"1.7","0.9","2.5",1638.916165
"120","Bangladesh",2005,0.235263647224499,"1.8","1.0","2.7",1773.888588
"121","Bangladesh",2006,0.254752384443289,"1.9","1.1","2.8",1923.417573
"122","Bangladesh",2007,0.266296779341981,"2.0","1.2","3.0",2088.720935
"123","Bangladesh",2008,0.288141373384069,"2.2","1.3","3.2",2231.689464
"124","Bangladesh",2009,0.306664813200526,"2.3","1.4","3.4",2335.918717
"125","Bangladesh",2010,0.342739973529334,"2.5","1.5","3.6",2466.902949
"126","Bangladesh",2011,0.364566607143118,"2.6","1.6","3.8",2650.729933
"127","Bangladesh",2012,0.384025154859518,"2.8","1.7","4.0",2844.702565
"128","Bangladesh",2013,0.39656611450694,"3.0","1.8","4.2",3033.404632
"129","Bangladesh",2014,0.412898522713156,"3.2","2.0","4.4",3240.885623
"130","Bangladesh",2015,0.458797539455164,"3.4","2.1","4.7",3451.398507
"131","Brazil",1990,1.33057522748249,"10.2","7.0","13.1",6710.964526
"132","Brazil",1991,1.35300162566594,"10.6","7.4","13.5",6919.981067
"133","Brazil",1992,1.35265678686564,"11.0","7.7","14.0",6925.379871
"134","Brazil",1993,1.37189195989322,"11.4","8.1","14.4",7297.683777
"135","Brazil",1994,1.39695292278059,"11.8","8.5","14.9",7723.899622
"136","Brazil",1995,1.49055774257443,"12.2","8.9","15.3",8102.66855
"137","Brazil",1996,1.597062891389,"12.7","9.3","15.8",8300.244709
"138","Brazil",1997,1.6835811622297,"13.1","9.7","16.3",8594.561343
"139","Brazil",1998,1.71251622188884,"13.6","10.1","16.8",8588.358096
"140","Brazil",1999,1.74455845685071,"14.1","10.5","17.3",8624.437256
"141","Brazil",2000,1.78882884368111,"14.5","11.0","17.8",9073.976905
"142","Brazil",2001,1.80342619486481,"15.0","11.4","18.2",9274.24759
"143","Brazil",2002,1.76720718153163,"15.5","11.9","18.7",9581.992836
"144","Brazil",2003,1.70150864276186,"15.9","12.3","19.2",9747.941038
"145","Brazil",2004,1.77580703557726,"16.4","12.8","19.7",10460.55063
"146","Brazil",2005,1.77572199746423,"16.8","13.2","20.1",11004.95618
"147","Brazil",2006,1.77490938079997,"17.3","13.7","20.6",11659.39278
"148","Brazil",2007,1.84883593997795,"17.8","14.1","21.1",12568.1979
"149","Brazil",2008,1.9380268626479,"18.2","14.6","21.5",13332.14386
"150","Brazil",2009,1.80946064296739,"18.7","15.0","22.0",13288.43548
"151","Brazil",2010,2.03220381623177,"19.2","15.5","22.5",14320.36869
"152","Brazil",2011,2.11184451477929,"19.6","16.0","22.9",15061.95319
"153","Brazil",2012,2.26687811082304,"20.1","16.5","23.4",15506.55426
"154","Brazil",2013,2.40185952057599,"20.6","17.0","23.9",16111.44268
"155","Brazil",2014,2.49936201612059,"21.1","17.5","24.4",16358.39077
"156","Brazil",2015,2.34736573083425,"21.6","18.0","24.9",15813.85544
"157","Canada",1990,15.1355281967827,"15.2","14.4","15.9",20173.93565
"158","Canada",1991,14.7278173241332,"15.6","14.8","16.3",20160.72885
"159","Canada",1992,15.0151928373723,"16.1","15.3","16.8",20557.46336
"160","Canada",1993,14.7353487028863,"16.6","15.9","17.3",21367.20327
"161","Canada",1994,15.131378203319,"17.1","16.4","17.8",22555.69744
"162","Canada",1995,15.3400869985988,"17.6","16.9","18.3",23401.87468
"163","Canada",1996,15.6418976719455,"18.2","17.5","18.8",23962.49945
"164","Canada",1997,16.0011647181357,"18.7","18.1","19.3",25167.51971
"165","Canada",1998,16.1418407382375,"19.3","18.7","19.8",26220.26621
"166","Canada",1999,16.2868110250336,"19.9","19.3","20.4",27745.80655
"167","Canada",2000,16.783045409055,"20.5","19.9","20.9",29265.08444
"168","Canada",2001,16.3418845783401,"21.0","20.5","21.5",30107.65694
"169","Canada",2002,16.7560164628412,"21.6","21.1","22.0",30853.20132
"170","Canada",2003,17.2342155682583,"22.2","21.7","22.6",32225.05212
"171","Canada",2004,16.8202561907387,"22.7","22.3","23.1",33796.9992
"172","Canada",2005,17.0566372965331,"23.3","22.9","23.6",36211.0846
"173","Canada",2006,16.6119280809467,"23.8","23.5","24.1",37999.0386
"174","Canada",2007,17.3708402727049,"24.4","24.1","24.6",39439.80689
"175","Canada",2008,16.5488028165328,"24.9","24.7","25.2",40275.9899
"176","Canada",2009,15.4866819144667,"25.5","25.2","25.7",38797.38505
"177","Canada",2010,15.7339140263037,"26.0","25.8","26.2",40012.3914
"178","Canada",2011,15.950224768522,"26.6","26.4","26.7",41569.44962
"179","Canada",2012,15.7612634959816,"27.1","27.0","27.2",42189.19611
"180","Canada",2013,15.858128708318,"27.7","27.6","27.7",44188.73171
"181","Canada",2014,15.8541384273439,"28.3","28.2","28.3",45645.5643
"182","Canada",2015,15.651386155996,"28.8","28.8","28.8",44567.86635
"183","China",1990,1.91454256354691,"1.2","0.8","1.7",987.6411788
"184","China",1991,2.00054745476981,"1.3","0.8","1.8",1100.814276
"185","China",1992,2.07574443977098,"1.4","0.9","1.9",1270.296992
"186","China",1993,2.24324530735549,"1.5","1.0","2.0",1463.801748
"187","China",1994,2.31902906023065,"1.6","1.1","2.1",1671.200917
"188","China",1995,2.56036618514261,"1.7","1.2","2.3",1872.606651
"189","China",1996,2.51725185823991,"1.8","1.3","2.4",2074.36167
"190","China",1997,2.54346279698392,"1.9","1.4","2.5",2281.443841
"191","China",1998,2.6024872477223,"2.1","1.5","2.7",2464.186352
"192","China",1999,2.51385967503103,"2.2","1.6","2.8",2668.230229
"193","China",2000,2.64847997655715,"2.4","1.8","2.9",2936.287745
"194","China",2001,2.77292919762551,"2.5","1.9","3.1",3227.419438
"195","China",2002,2.97432833489535,"2.7","2.1","3.3",3553.923793
"196","China",2003,3.42541136293077,"2.8","2.3","3.5",3958.471977
"197","China",2004,3.95180062882163,"3.0","2.4","3.6",4449.561919
"198","China",2005,4.46347375203265,"3.2","2.6","3.8",5081.049041
"199","China",2006,4.90603499565224,"3.4","2.9","4.0",5867.796877
"200","China",2007,5.30259468770037,"3.7","3.1","4.3",6847.069623
"201","China",2008,5.43161049480808,"3.9","3.3","4.5",7615.029533
"202","China",2009,5.79534426032481,"4.1","3.6","4.7",8352.689933
"203","China",2010,6.33216591101925,"4.4","3.9","5.0",9303.7337
"204","China",2011,6.90279214064116,"4.7","4.2","5.2",10355.49571
"205","China",2012,7.05800347228649,"5.0","4.5","5.5",11328.28171
"206","China",2013,7.32048505208564,"5.2","4.8","5.7",12361.39797
"207","China",2014,7.25291914357129,"5.5","5.1","6.0",13446.40239
"208","China",2015,7.16911217747699,"5.9","5.5","6.2",14454.99797
"209","Denmark",1990,10.1304450412658,"11.0","10.9","11.0",18215.50896
"210","Denmark",1991,12.1704255361254,"11.3","11.3","11.2",19044.46239
"211","Denmark",1992,11.0241580084194,"11.6","11.6","11.4",19794.11188
"212","Denmark",1993,11.4269128563466,"11.9","12.0","11.6",20197.84348
"213","Denmark",1994,12.1374981272257,"12.2","12.4","11.9",21655.93409
"214","Denmark",1995,11.4495947451099,"12.5","12.8","12.1",22661.04873
"215","Denmark",1996,13.9272219999187,"12.8","13.2","12.3",23711.01408
"216","Denmark",1997,12.0567849595203,"13.1","13.6","12.5",24925.79847
"217","Denmark",1998,11.2627325530865,"13.4","14.0","12.8",25813.63891
"218","Denmark",1999,10.7031475634461,"13.7","14.4","13.0",26653.8239
"219","Denmark",2000,9.87149637726758,"14.0","14.8","13.2",28662.09474
"220","Denmark",2001,10.0489234216052,"14.4","15.2","13.4",29449.6194
"221","Denmark",2002,10.0410514941505,"14.7","15.6","13.7",30640.34562
"222","Denmark",2003,11.0081041462375,"15.0","16.1","13.9",30786.24895
"223","Denmark",2004,9.97127776123813,"15.3","16.5","14.1",32908.68079
"224","Denmark",2005,9.27587983390141,"15.7","16.9","14.3",34150.15946
"225","Denmark",2006,10.7057362589181,"16.0","17.4","14.6",37295.65935
"226","Denmark",2007,9.77764464230849,"16.4","17.9","14.8",38968.5154
"227","Denmark",2008,9.12330865198018,"16.7","18.3","15.0",41278.32683
"228","Denmark",2009,8.67086298533703,"17.1","18.8","15.3",40339.67713
"229","Denmark",2010,8.68470675054793,"17.4","19.3","15.5",42999.61614
"230","Denmark",2011,7.73529181563401,"17.8","19.8","15.7",44403.38484
"231","Denmark",2012,6.83349870125968,"18.1","20.2","16.0",44803.96824
"232","Denmark",2013,7.12029994308034,"18.5","20.8","16.2",46726.85414
"233","Denmark",2014,6.33652138088678,"18.9","21.3","16.5",47901.44736
"234","Denmark",2015,5.91186777544685,"19.3","21.8","16.7",49058.50107
"235","France",1990,6.12235968730942,"12.6","11.0","14.0",17624.23797
"236","France",1991,6.50093053522882,"12.9","11.4","14.3",18309.47206
"237","France",1992,6.2642715827656,"13.2","11.7","14.5",18931.86995
"238","France",1993,5.91353699351942,"13.5","12.1","14.8",19175.31268
"239","France",1994,5.80644291320002,"13.8","12.4","15.0",19972.17932
"240","France",1995,5.91650545807202,"14.1","12.8","15.3",20745.45823
"241","France",1996,6.15800738020349,"14.5","13.2","15.6",21331.45043
"242","France",1997,5.98917622411439,"14.8","13.6","15.9",22241.4129
"243","France",1998,6.33333667850303,"15.1","14.0","16.1",23359.05849
"244","France",1999,6.19868439783533,"15.5","14.4","16.4",24307.49879
"245","France",2000,6.12747793966756,"15.8","14.8","16.7",26094.25256
"246","France",2001,6.14204323283934,"16.2","15.2","17.0",27501.54241
"247","France",2002,6.00547532632575,"16.5","15.6","17.3",28523.88573
"248","France",2003,6.05415256644402,"16.9","16.1","17.5",28141.4614
"249","France",2004,6.02743954575417,"17.2","16.5","17.8",29034.00071
"250","France",2005,6.02760180081608,"17.6","16.9","18.1",30498.57929
"251","France",2006,5.8408041976332,"17.9","17.4","18.4",32434.86026
"252","France",2007,5.6690313848081,"18.3","17.8","18.6",34088.36008
"253","France",2008,5.56442899965839,"18.6","18.2","18.9",35095.26296
"254","France",2009,5.31441442186309,"19.0","18.7","19.2",34685.1738
"255","France",2010,5.3506589250195,"19.3","19.2","19.5",35900.04557
"256","France",2011,5.10431227537594,"19.7","19.6","19.7",37440.63863
"257","France",2012,5.12231119022055,"20.1","20.1","20.0",37679.12178
"258","France",2013,5.10055617017218,"20.4","20.5","20.3",39523.85395
"259","France",2014,4.59237682939366,"20.8","21.0","20.5",40141.58548
"260","France",2015,4.66608659650847,"21.2","21.5","20.8",40833.24207
"261","India",1990,0.644102026461799,"0.9","0.5","1.3",1236.671208
"262","India",1991,0.681429665603252,"1.0","0.5","1.4",1265.917481
"263","India",1992,0.693121231359505,"1.0","0.6","1.5",1338.664595
"264","India",1993,0.703544619470025,"1.1","0.6","1.6",1407.473802
"265","India",1994,0.727526089342543,"1.2","0.6","1.7",1503.745417
"266","India",1995,0.768837675103507,"1.2","0.7","1.8",1620.175387
"267","India",1996,0.790663148540043,"1.3","0.7","1.9",1741.084404
"268","India",1997,0.820741309840387,"1.4","0.8","2.0",1808.708364
"269","India",1998,0.823779815126911,"1.5","0.8","2.1",1906.7799
"270","India",1999,0.870943498219465,"1.5","0.9","2.2",2067.740994
"271","India",2000,0.889827520407466,"1.6","1.0","2.3",2156.689919
"272","India",2001,0.88733015496834,"1.7","1.0","2.4",2270.718563
"273","India",2002,0.903241997603391,"1.8","1.1","2.6",2354.2651
"274","India",2003,0.913962074164491,"1.9","1.2","2.7",2544.112251
"275","India",2004,0.962435743168246,"2.0","1.3","2.8",2774.420858
"276","India",2005,0.991399582912634,"2.1","1.3","3.0",3039.128698
"277","India",2006,1.04183979629495,"2.3","1.4","3.1",3331.592127
"278","India",2007,1.1292167893744,"2.4","1.5","3.3",3628.001338
"279","India",2008,1.18590477170691,"2.5","1.6","3.4",3757.289184
"280","India",2009,1.28808099727395,"2.7","1.7","3.6",4026.380833
"281","India",2010,1.34921446581292,"2.8","1.9","3.8",4360.15405
"282","India",2011,1.40831559281322,"3.0","2.0","4.0",4624.561404
"283","India",2012,1.50782097489256,"3.1","2.1","4.2",4909.584076
"284","India",2013,1.5355600591395,"3.3","2.3","4.4",5252.272397
"285","India",2014,1.6493275187685,"3.5","2.4","4.6",5682.731285
"286","India",2015,1.64119839274392,"3.7","2.6","4.8",6133.887015
"287","Indonesia",1990,0.81576113799489,"1.2","0.5","1.9",3001.912768
"288","Indonesia",1991,0.876744876834978,"1.3","0.6","2.0",3260.806861
"289","Indonesia",1992,0.910355783616372,"1.4","0.6","2.2",3492.262885
"290","Indonesia",1993,0.971856690184327,"1.5","0.7","2.3",3745.182789
"291","Indonesia",1994,1.01553517682766,"1.6","0.7","2.5",4048.527165
"292","Indonesia",1995,1.13154513285111,"1.8","0.8","2.7",4404.661347
"293","Indonesia",1996,1.17297926994757,"1.9","0.9","2.9",4764.205674
"294","Indonesia",1997,1.27039647749285,"2.1","1.0","3.1",5000.951712
"295","Indonesia",1998,1.26936692941972,"2.2","1.1","3.3",4331.496757
"296","Indonesia",1999,1.33734281482338,"2.4","1.2","3.5",4367.431885
"297","Indonesia",2000,1.32459428585239,"2.6","1.3","3.8",4620.547598
"298","Indonesia",2001,1.40760916401274,"2.8","1.5","4.0",4827.438785
"299","Indonesia",2002,1.40809308007778,"3.0","1.6","4.3",5055.355834
"300","Indonesia",2003,1.52226772382139,"3.2","1.7","4.5",5323.104507
"301","Indonesia",2004,1.53686533554733,"3.4","1.9","4.8",5664.893913
"302","Indonesia",2005,1.52194445037097,"3.6","2.1","5.1",6091.922453
"303","Indonesia",2006,1.58774969260843,"3.8","2.2","5.4",6534.07551
"304","Indonesia",2007,1.63520707646083,"4.1","2.4","5.7",7041.486994
"305","Indonesia",2008,1.60181930796165,"4.3","2.6","6.0",7510.100118
"306","Indonesia",2009,1.65321047741763,"4.6","2.8","6.3",7813.090106
"307","Indonesia",2010,1.72407358088346,"4.9","3.1","6.6",8284.501294
"308","Indonesia",2011,1.96013325740302,"5.2","3.3","7.0",8859.139998
"309","Indonesia",2012,1.95913319398553,"5.5","3.6","7.3",9444.948401
"310","Indonesia",2013,1.8042510413422,"5.8","3.8","7.7",10009.66548
"311","Indonesia",2014,1.92079996715062,"6.1","4.1","8.1",10570.19504
"312","Indonesia",2015,1.89965869189427,"6.5","4.5","8.5",11063.06221
"313","Italy",1990,7.14501816314887,"12.1","10.5","13.5",18608.78827
"314","Italy",1991,7.11910727906388,"12.4","10.8","13.7",19520.55791
"315","Italy",1992,7.08258154154983,"12.7","11.2","13.9",20118.29565
"316","Italy",1993,6.98429142363747,"12.9","11.5","14.2",20406.8418
"317","Italy",1994,6.90124095321532,"13.2","11.8","14.4",21286.60236
"318","Italy",1995,7.32562417028845,"13.5","12.2","14.6",22359.98275
"319","Italy",1996,7.2484692785813,"13.8","12.5","14.9",23029.50003
"320","Italy",1997,7.30387208577226,"14.1","12.9","15.1",23873.34492
"321","Italy",1998,7.49243358572755,"14.4","13.3","15.4",25020.65862
"322","Italy",1999,7.60783590406948,"14.7","13.6","15.6",25602.38947
"323","Italy",2000,7.66216803916005,"15.0","14.0","15.9",27076.1868
"324","Italy",2001,7.66260458699655,"15.3","14.4","16.1",28045.44843
"325","Italy",2002,7.77212964817281,"15.6","14.7","16.4",28736.57711
"326","Italy",2003,8.06445942307569,"15.9","15.1","16.6",29164.59527
"327","Italy",2004,8.1894309102209,"16.2","15.5","16.8",29527.79094
"328","Italy",2005,8.1737832960528,"16.5","15.9","17.1",30130.64446
"329","Italy",2006,8.02576652003813,"16.9","16.3","17.3",32419.93615
"330","Italy",2007,7.86076804753594,"17.2","16.6","17.5",34108.20429
"331","Italy",2008,7.56424830065774,"17.5","17.0","17.8",35523.27131
"332","Italy",2009,6.71897026103485,"17.8","17.4","18.0",34610.03145
"333","Italy",2010,6.8368363621512,"18.1","17.8","18.2",35155.66806
"334","Italy",2011,6.68059415640586,"18.3","18.2","18.4",36598.01497
"335","Italy",2012,6.32770894762567,"18.7","18.5","18.6",36486.29679
"336","Italy",2013,5.75173986603037,"19.0","18.9","18.9",36314.6971
"337","Italy",2014,5.38731095718742,"19.3","19.3","19.1",36194.87392
"338","Italy",2015,5.56325970991024,"19.6","19.7","19.3",36909.32837
"339","Japan",1990,8.84821587651242,"1.5","1.2","1.8",19561.20174
"340","Japan",1991,8.91920234906908,"1.6","1.2","1.9",20849.01768
"341","Japan",1992,8.98107293550331,"1.6","1.3","1.9",21451.67413
"342","Japan",1993,8.88944075495278,"1.7","1.4","2.0",21792.33548
"343","Japan",1994,9.29029062614837,"1.7","1.4","2.0",22402.26643
"344","Japan",1995,9.34702563121653,"1.8","1.5","2.0",23409.64029
"345","Japan",1996,9.4327154750829,"1.8","1.5","2.1",24515.11628
"346","Japan",1997,9.31316785263809,"1.9","1.6","2.1",25146.20043
"347","Japan",1998,8.94976265822785,"1.9","1.7","2.2",25074.05769
"348","Japan",1999,9.20698723061494,"2.0","1.8","2.2",25325.70726
"349","Japan",2000,9.32609603998644,"2.1","1.9","2.2",26838.69136
"350","Japan",2001,9.20667877844104,"2.2","2.0","2.3",27472.54712
"351","Japan",2002,9.47051669347562,"2.2","2.1","2.4",28160.10761
"352","Japan",2003,9.51925335504784,"2.4","2.2","2.5",28924.68216
"353","Japan",2004,9.47934033077387,"2.5","2.4","2.5",30348.04197
"354","Japan",2005,9.49981608007952,"2.6","2.5","2.6",31663.4531
"355","Japan",2006,9.30952492686971,"2.7","2.7","2.7",33090.19626
"356","Japan",2007,9.58086264951055,"2.9","2.9","2.8",34501.50901
"357","Japan",2008,9.05507445554141,"3.0","3.1","2.9",34798.7659
"358","Japan",2009,8.60004529586792,"3.2","3.3","3.0",33198.61611
"359","Japan",2010,9.02693839306629,"3.3","3.5","3.1",34986.99454
"360","Japan",2011,9.48244975866952,"3.5","3.7","3.2",35774.69671
"361","Japan",2012,9.81140649852306,"3.6","3.9","3.3",37191.38595
"362","Japan",2013,9.89367962650555,"3.8","4.1","3.4",38974.07949
"363","Japan",2014,9.58405355290864,"3.9","4.3","3.5",39179.15561
"364","Japan",2015,9.29283236721435,"4.1","4.6","3.6",40396.24321
"365","Mexico",1990,3.18906364409668,"15.9","11.4","20.0",6498.917137
"366","Mexico",1991,3.34570495740038,"16.4","11.9","20.5",6883.346958
"367","Mexico",1992,3.32770080313168,"16.9","12.3","21.0",7185.821943
"368","Mexico",1993,3.39439781624779,"17.4","12.8","21.5",8555.64056
"369","Mexico",1994,3.6157168483088,"17.9","13.3","22.0",9014.381915
"370","Mexico",1995,3.34397772543403,"18.4","13.8","22.5",8482.613062
"371","Mexico",1996,3.50070149836745,"18.9","14.2","23.0",9076.087735
"372","Mexico",1997,3.69121952489926,"19.4","14.7","23.5",9712.091271
"373","Mexico",1998,3.88438810887942,"19.9","15.2","24.0",10173.16543
"374","Mexico",1999,3.69770379538977,"20.3","15.7","24.4",10448.8234
"375","Mexico",2000,3.88756928789929,"20.8","16.1","24.9",11089.81343
"376","Mexico",2001,3.81622185820532,"21.3","16.6","25.4",11129.86896
"377","Mexico",2002,3.82299161357153,"21.8","17.1","25.9",11187.47762
"378","Mexico",2003,3.94835053048563,"22.3","17.6","26.4",11482.44959
"379","Mexico",2004,3.96297432479841,"22.8","18.1","26.8",12085.7618
"380","Mexico",2005,4.07895088239964,"23.3","18.6","27.3",12657.63719
"381","Mexico",2006,4.18100922223476,"23.8","19.1","27.8",13808.17762
"382","Mexico",2007,4.2356679441149,"24.3","19.6","28.3",14290.06724
"383","Mexico",2008,4.30816070189315,"24.8","20.1","28.8",14924.82175
"384","Mexico",2009,4.10585136636662,"25.3","20.6","29.3",14558.24481
"385","Mexico",2010,4.11015715509391,"25.8","21.1","29.8",15260.62055
"386","Mexico",2011,4.1571204846157,"26.3","21.6","30.3",16520.25851
"387","Mexico",2012,4.09902758114925,"26.8","22.2","30.8",17162.92752
"388","Mexico",2013,3.95414657649222,"27.3","22.7","31.3",17373.89702
"389","Mexico",2014,3.80806346471111,"27.8","23.2","31.8",18045.98446
"390","Mexico",2015,3.87819450978334,"28.3","23.8","32.3",18284.88284
"391","Portugal",1990,4.11390395361496,"9.6","7.8","11.2",11761.71728
"392","Portugal",1991,4.29407539079148,"10.0","8.1","11.6",12719.90995
"393","Portugal",1992,4.69932461149939,"10.4","8.5","12.0",13161.73668
"394","Portugal",1993,4.59523265936922,"10.8","8.9","12.3",13182.13574
"395","Portugal",1994,4.73401207523376,"11.2","9.3","12.7",13557.00873
"396","Portugal",1995,5.05576602684812,"11.6","9.7","13.1",14384.1787
"397","Portugal",1996,4.84303123675656,"12.0","10.2","13.5",14902.59772
"398","Portugal",1997,5.03809633754236,"12.4","10.6","13.9",15787.04721
"399","Portugal",1998,5.47233537620731,"12.8","11.1","14.3",16686.79023
"400","Portugal",1999,6.08837807800249,"13.3","11.5","14.7",17718.15157
"401","Portugal",2000,5.99228486035527,"13.7","12.0","15.1",18879.28669
"402","Portugal",2001,5.92315416740891,"14.1","12.5","15.6",19533.0661
"403","Portugal",2002,6.29676809092376,"14.6","13.0","16.0",20356.6473
"404","Portugal",2003,5.78650308672459,"15.0","13.4","16.4",20827.98424
"405","Portugal",2004,5.92625178834401,"15.4","13.9","16.7",21458.27674
"406","Portugal",2005,6.23326126095248,"15.9","14.4","17.1",22725.27749
"407","Portugal",2006,5.74494824699723,"16.3","14.9","17.5",24657.10482
"408","Portugal",2007,5.57717924484993,"16.8","15.4","17.9",25708.24619
"409","Portugal",2008,5.38350512593225,"17.2","16.0","18.3",26665.8373
"410","Portugal",2009,5.32727897067508,"17.7","16.5","18.7",26464.31081
"411","Portugal",2010,4.81788690166555,"18.1","17.0","19.0",27259.7661
"412","Portugal",2011,4.72362932344216,"18.6","17.5","19.4",26769.51189
"413","Portugal",2012,4.58589780314382,"19.0","18.1","19.8",26438.0163
"414","Portugal",2013,4.45239423770679,"19.5","18.6","20.1",27936.03966
"415","Portugal",2014,4.41589522300703,"19.9","19.2","20.5",28742.44038
"416","Portugal",2015,4.81266984331839,"20.4","19.8","20.9",29668.8592
"417","Singapore",1990,9.75343372062648,"3.7","2.5","4.9",22655.11867
"418","Singapore",1991,9.98059700492778,"3.8","2.6","4.9",24286.78147
"419","Singapore",1992,9.96069580010264,"3.8","2.6","5.0",25705.58507
"420","Singapore",1993,11.278203430783,"3.9","2.7","5.0",28598.32339
"421","Singapore",1994,11.4768789440803,"4.0","2.8","5.1",31448.46549
"422","Singapore",1995,11.0313331854166,"4.0","2.9","5.1",33390.07703
"423","Singapore",1996,10.8589523971423,"4.1","3.0","5.1",35086.41501
"424","Singapore",1997,10.4055860347025,"4.2","3.1","5.2",37384.43701
"425","Singapore",1998,9.67352674784892,"4.3","3.2","5.2",35740.22735
"426","Singapore",1999,9.71778020336356,"4.3","3.3","5.3",38026.44922
"427","Singapore",2000,10.5712995424152,"4.4","3.4","5.3",41662.74367
"428","Singapore",2001,10.2150501255192,"4.5","3.6","5.4",41000.41843
"429","Singapore",2002,9.90672781043834,"4.6","3.7","5.4",42886.18105
"430","Singapore",2003,9.28836359058682,"4.7","3.8","5.5",46342.2965
"431","Singapore",2004,9.50880608563589,"4.8","3.9","5.5",51612.82421
"432","Singapore",2005,8.6502716279061,"4.9","4.1","5.6",55809.70032
"433","Singapore",2006,8.44510737009996,"5.0","4.2","5.7",60745.45587
"434","Singapore",2007,8.34459494063439,"5.1","4.3","5.7",65230.10844
"435","Singapore",2008,7.93900726454293,"5.2","4.5","5.8",64230.63596
"436","Singapore",2009,7.78534970816467,"5.3","4.6","5.8",62873.49475
"437","Singapore",2010,8.35379925511136,"5.4","4.8","5.9",71565.99973
"438","Singapore",2011,8.63670807347973,"5.5","4.9","6.0",76034.33406
"439","Singapore",2012,8.22409752812127,"5.6","5.1","6.0",78978.82285
"440","Singapore",2013,8.13459570207377,"5.7","5.3","6.1",82881.407
"441","Singapore",2014,8.12838088356926,"5.8","5.5","6.2",86611.51359
"442","Singapore",2015,8.22041256714993,"6.0","5.6","6.3",89007.4608
"443","South Africa",1990,6.7297985867423,"14.9","4.5","24.2",6424.502215
"444","South Africa",1991,6.42462176573729,"15.3","4.8","24.8",6414.057923
"445","South Africa",1992,6.1754299444638,"15.7","5.1","25.4",6261.716184
"446","South Africa",1993,6.21768001083117,"16.2","5.3","26.0",6331.77758
"447","South Africa",1994,6.21264226971752,"16.6","5.6","26.6",6520.866604
"448","South Africa",1995,6.37589351864444,"17.1","5.9","27.2",6719.583315
"449","South Africa",1996,6.48611431067446,"17.6","6.2","27.8",7000.801619
"450","South Africa",1997,6.72103043269181,"18.2","6.5","28.4",7179.806651
"451","South Africa",1998,6.78788155163862,"18.7","6.9","29.0",7180.857025
"452","South Africa",1999,6.28053902798944,"19.2","7.2","29.6",7348.952257
"453","South Africa",2000,6.33187638428488,"19.7","7.6","30.2",7719.255957
"454","South Africa",2001,7.03513388873587,"20.2","8.0","30.8",7994.262425
"455","South Africa",2002,7.1812230453599,"20.8","8.3","31.4",8315.442736
"456","South Africa",2003,7.55813407176488,"21.3","8.7","32.0",8613.587442
"457","South Africa",2004,8.03461755689857,"21.8","9.2","32.6",9136.414314
"458","South Africa",2005,7.88712003265624,"22.3","9.6","33.2",9796.154549
"459","South Africa",2006,7.82767984401725,"22.9","10.0","33.8",10524.34606
"460","South Africa",2007,8.08025021943305,"23.4","10.5","34.4",11240.26037
"461","South Africa",2008,8.56899406245209,"24.0","11.0","35.0",11667.84983
"462","South Africa",2009,8.00403938323371,"24.5","11.5","35.6",11416.00169
"463","South Africa",2010,8.30017911837692,"25.1","12.0","36.2",11728.16049
"464","South Africa",2011,7.86712360543014,"25.6","12.5","36.8",12179.17419
"465","South Africa",2012,8.07663305380863,"26.1","13.0","37.3",12488.21557
"466","South Africa",2013,8.13733274039167,"26.7","13.6","37.9",12815.72707
"467","South Africa",2014,8.21315797849318,"27.2","14.2","38.5",13090.47683
"468","South Africa",2015,7.67120155502521,"27.8","14.8","39.0",13185.25328
"469","Turkey",1990,2.58188911422361,"16.3","9.4","22.7",6141.073464
"470","Turkey",1991,2.62250983965437,"16.9","9.9","23.5",6302.782792
"471","Turkey",1992,2.68758444330051,"17.6","10.4","24.2",6721.16249
"472","Turkey",1993,2.74703511545067,"18.2","10.9","24.9",7313.833538
"473","Turkey",1994,2.67405741647557,"18.8","11.4","25.6",6950.971314
"474","Turkey",1995,2.87690552887521,"19.4","11.9","26.2",7487.435705
"475","Turkey",1996,3.12083086362216,"20.0","12.4","26.8",8017.780611
"476","Turkey",1997,3.20658863443135,"20.5","12.9","27.4",8626.035507
"477","Turkey",1998,3.16078687206265,"21.1","13.4","28.0",9095.990823
"478","Turkey",1999,3.09645334157599,"21.6","13.9","28.6",8757.193372
"479","Turkey",2000,3.42535307765333,"22.2","14.4","29.2",9583.78065
"480","Turkey",2001,3.08105762872315,"22.7","14.9","29.8",9215.131989
"481","Turkey",2002,3.19470196471561,"23.3","15.4","30.4",9329.813176
"482","Turkey",2003,3.31611413279243,"23.9","16.0","31.0",9603.880437
"483","Turkey",2004,3.35169202994198,"24.5","16.5","31.6",10860.05874
"484","Turkey",2005,3.46094288183632,"25.1","17.1","32.2",11887.86395
"485","Turkey",2006,3.7972966430132,"25.7","17.7","32.9",13621.46548
"486","Turkey",2007,4.15295056668079,"26.3","18.3","33.5",14849.32529
"487","Turkey",2008,4.07846720977687,"26.9","18.9","34.1",16053.80379
"488","Turkey",2009,4.03567478745441,"27.6","19.6","34.8",15489.87192
"489","Turkey",2010,4.10800991143113,"28.2","20.2","35.4",17425.86136
"490","Turkey",2011,4.32606104299246,"28.9","20.9","36.0",19651.67848
"491","Turkey",2012,4.40556452484269,"29.5","21.5","36.7",20616.86987
"492","Turkey",2013,4.19055775418873,"30.2","22.2","37.3",22269.03766
"493","Turkey",2014,4.41076337101344,"30.8","22.9","37.9",23967.11803
"494","Turkey",2015,4.47717595953506,"31.5","23.6","38.6",25625.57463
"495","United States",1990,19.4092291175092,"18.7","17.0","20.2",23888.60001
"496","United States",1991,19.005735608603,"19.3","17.6","20.8",24342.2589
"497","United States",1992,19.0250824516401,"19.9","18.3","21.4",25418.99078
"498","United States",1993,19.2381087954324,"20.6","18.9","22.0",26387.29373
"499","United States",1994,19.2806108100302,"21.2","19.6","22.7",27694.85342
"500","United States",1995,19.2539376140725,"21.9","20.3","23.4",28690.8757
"501","United States",1996,19.6110900762452,"22.6","21.0","24.1",29967.71272
"502","United States",1997,20.3478729686016,"23.3","21.8","24.8",31459.139
"503","United States",1998,20.266880306249,"24.1","22.5","25.5",32853.67698
"504","United States",1999,20.1057196100917,"24.8","23.3","26.2",34513.5615
"505","United States",2000,20.4719330952981,"25.5","24.0","26.9",36334.90878
"506","United States",2001,20.1750046772639,"26.2","24.8","27.6",37133.24281
"507","United States",2002,19.4494784745785,"26.9","25.5","28.3",38023.16111
"508","United States",2003,19.5087047137039,"27.6","26.3","28.9",39496.48588
"509","United States",2004,19.6035728834387,"28.3","27.0","29.6",41712.80107
"510","United States",2005,19.4780260042178,"29.0","27.7","30.2",44114.74778
"511","United States",2006,18.9576435024889,"29.7","28.4","30.9",46298.73144
"512","United States",2007,19.0560269540732,"30.3","29.1","31.5",47975.96768
"513","United States",2008,18.2948056259689,"31.0","29.8","32.1",48382.55845
"514","United States",2009,16.8188684811099,"31.7","30.5","32.7",47099.98047
"515","United States",2010,17.4341958733314,"32.3","31.2","33.3",48466.82338
"516","United States",2011,16.599403740534,"33.0","31.9","33.9",49883.11398
"517","United States",2012,15.7711446187591,"33.6","32.6","34.5",51603.49726
"518","United States",2013,16.1029578354008,"34.3","33.3","35.1",53106.90977
"519","United States",2014,16.0263790723251,"34.9","34.0","35.7",55032.958
"520","United States",2015,15.535342110601,"35.6","34.7","36.4",56803.47243
